<?xml version="1.0" encoding="utf-8" ?>
<notes>
<!-- BEGIN BIBLIOGRAPHY tmp -->
<!--
    DO NOT MODIFY THIS BIBLIOGRAPHY BY HAND!  IT IS MAINTAINED AUTOMATICALLY!
    YOUR CHANGES WILL BE LOST THE NEXT TIME IT IS UPDATED!
-->
<!-- Generated by: /dds/src/textproc/bib2xhtml/bib2xhtml.pl -u -m /dds/bib/macro -b -include-directory=/dds/pubs/bibhtml tmp.bib -->
<ul class="bib2xhtml">

<!-- Authors: Rajendra K Bandi and Vijay K Vaishnavi and Daniel E Turk -->
<li><a name="BVT03">Rajendra</a> K. Bandi,
  Vijay K. Vaishnavi, and Daniel E. Turk.
Predicting maintenance performance using object-oriented design complexity
  metrics.
<cite>IEEE Transactions on Software Engineering</cite>, 29(1):77–87, 2003.
(<a href="http://dx.doi.org/10.1109/TSE.2003.1166590">doi:10.1109/TSE.2003.1166590</a>)<p /></li>

<!-- Authors: Victor R Basili and Lionel C Briand and Walcelio L Melo -->
<li><a name="BBM96">Victor</a> R. Basili,
  Lionel C. Briand, and Walcélio L. Melo.
A validation of object-oriented design metrics as quality indicators.
<cite>IEEE Transactions on Software Engineering</cite>, 22(10):751–761,
  1996.
(<a href="http://dx.doi.org/10.1109/32.544352">doi:10.1109/32.544352</a>)<p /></li>

<!-- Authors: Shyam R Chidamber and Chris F Kemerer -->
<li><a name="CK94">Shyam</a> R. Chidamber
  and Chris F. Kemerer.
A metrics suite for object oriented design.
<cite>IEEE Transactions on Software Engineering</cite>, 20(6):476–493, 1994.
(<a href="http://dx.doi.org/10.1109/32.295895">doi:10.1109/32.295895</a>)<p /></li>

<!-- Authors: Shyam R Chidamber and David P Darcy and Chris F Kemerer -->
<li><a name="CDK98">Shyam</a> R. Chidamber,
  David P. Darcy, and Chris F. Kemerer.
Managerial use of metrics for object-oriented software: An exploratory
  analysis.
<cite>IEEE Transactions on Software Engineering</cite>, 24(8):629–639, 1998.
(<a href="http://dx.doi.org/10.1109/32.707698">doi:10.1109/32.707698</a>)<p /></li>

<!-- Authors: Rudolf Ferenc and Istvan Siket and Tibor Gyimothy -->
<li><a name="FSG04">Rudolf</a> Ferenc, István
  Siket, and Tibor Gyimóthy.
<a href="http://www.amazon.com/dp/0769522130/?tag=dds-20">Extracting facts from
  open source software</a>.
In <cite>ICSM '04: Proceedings of the 20th IEEE International Conference on
  Software Maintenance (ICSM'04)</cite>, pages 60–69. IEEE Computer Society,
  2004.<p /></li>

<!-- Authors: Henderson Sellers Brian L and Constantine Larry L and Graham Ian
  M -->
<li><a name="HCG96">Brian</a> L.
  Henderson-Sellers, Larry L. Constantine, and Ian M. Graham.
Coupling and cohesion: Towards a valid metrics suite for object-oriented
  analysis and design.
<cite>Object Oriented Systems</cite>, 3(3):143–158, 1996.<p /></li>

<!-- Authors: Brian Henderson Sellers -->
<li><a name="Sel96">Brian</a>
  Henderson-Sellers.
<cite>Object-Oriented Metrics: Measures of Complexity</cite>.
Prentice-Hall, Englewood Cliffs, NJ, 1996.<p /></li>

<!-- Authors: Martin Hitz and Behzad Montazeri -->
<li><a name="HM96">Martin</a> Hitz and
  Behzad Montazeri.
Chidamber and Kemerer's metrics suite: A measurement theory perspective.
<cite>IEEE Transactions on Software Engineering</cite>, 22(4):267–271, 1996.
(<a href="http://dx.doi.org/10.1109/32.491650">doi:10.1109/32.491650</a>)<p /></li>

<!-- Authors: Tobias Mayer and Tracy Hall -->
<li><a name="MH99">Tobias</a> Mayer and Tracy
  Hall.
A critical analysis of current OO design metrics.
<cite>Software Quality Control</cite>, 8(2):97–110, 1999.
(<a href="http://dx.doi.org/10.1023/A:1008900825849">doi:10.1023/A:1008900825849</a>)<p /></li>

<!-- Authors: Sandeep Purao and Vijay Vaishnavi -->
<li><a name="PV03">Sandeep</a> Purao and
  Vijay Vaishnavi.
Product metrics for object-oriented systems.
<cite>ACM Computing Surveys</cite>, 35(2):191–221, 2003.
(<a href="http://dx.doi.org/10.1145/857076.857090">doi:10.1145/857076.857090</a>)<p /></li>

<!-- Authors: Linda Rosenberg and Ruth Stapko and Al Gallo -->
<li><a name="RSG99b">Linda</a> Rosenberg,
  Ruth Stapko, and Al Gallo.
<a href="http://www.software.org/metrics99/rosenberg.ppt">Applying
  object-oriented metrics</a>.
In <cite>Sixth International Symposium on Software Metrics—Measurement for
  Object-Oriented Software Projects Workshop</cite>, November 1999.
Presentation available online
  <a href="http://www.software.org/metrics99/rosenberg.ppt">http://www.software.org/metrics99/rosenberg.ppt</a> (December 2005).<p
  /></li>

<!-- Authors: Linda Rosenberg and Ruth Stapko and Al Gallo -->
<li><a name="RSG99">Linda</a> Rosenberg, Ruth
  Stapko, and Al Gallo.
<a href="http://sel.gsfc.nasa.gov/website/sew/1999/topics/rosenberg_SEW99paper.pdf">Risk-based
  object oriented testing</a>.
In <cite>Twenty-Fourth Annual Software Engineering Workshop</cite>. NASA,
  Software Engineering Laboratory, December 1999.<p /></li>

<!-- Authors: Linda H Rosenberg -->
<li><a name="Ros98">Linda</a> H. Rosenberg.
<a href="http://www.literateprogramming.com/ooapply.pdf">Applying and
  interpreting object oriented metrics</a>.
In <cite>Software Technology Conference '98</cite>, 1998.<p /></li>

<!-- Authors: Diomidis Spinellis -->
<li><a name="Spi05g">Diomidis</a> Spinellis.
<a href="http://www.dmst.aueb.gr/dds/pubs/jrnl/2005-IEEESW-TotT/html/v22n4.html">Tool
  writing: A forgotten art?</a>.
<cite>IEEE Software</cite>, 22(4):9–11, July/August 2005.
(<a href="http://dx.doi.org/10.1109/MS.2005.111">doi:10.1109/MS.2005.111</a>)<p /></li>

<!-- Authors: Diomidis Spinellis -->
<li><a name="Spi06">Diomidis</a> Spinellis.
<a href="http://www.spinellis.gr/codequality"><cite>Code Quality: The Open
  Source Perspective</cite></a>.
Addison-Wesley, Boston, MA, 2006.<p /></li>

</ul>

<!-- END BIBLIOGRAPHY tmp -->
</notes>
